outcome,label,re_level,subfield,journal,prevalence_estimate,prevalence_ci_lower,prevalence_ci_upper,trend_estimate,trend_ci_lower,trend_ci_upper,detectable,prevalence_category,trend_category,combined_category,prevalence_results,trend_results
Cognitive Ability,Psychology,field,hypothetical typical subfield,hypothetical typical journal,0.12498003807364624,0.08095555488411552,0.17308277371442704,-0.0025508949424309516,-0.011338764351707189,0.007672092777171456,FALSE,Occasional,No trend detected,Occasional and No trend detected,"0.12 95% CI [0.08, 0.17]","-0.00 95% CI [-0.01, 0.01]"
Cognitive Ability,Clinical,subfields,Clinical,hypothetical typical journal,0.14000872361373137,0.04393144137123938,0.26283801731501805,-0.0025508949424309516,-0.011338764351707189,0.007672092777171456,FALSE,Occasional,No trend detected,Occasional and No trend detected,"0.14 95% CI [0.04, 0.26]","-0.00 95% CI [-0.01, 0.01]"
Cognitive Ability,Clinical journal 1,journals,Clinical,Clinical journal 1,0.1461339365171756,0.06205903693361773,0.25338750960432643,-0.0025508949424309516,-0.011338764351707189,0.007672092777171456,FALSE,Occasional,No trend detected,Occasional and No trend detected,"0.15 95% CI [0.06, 0.25]","-0.00 95% CI [-0.01, 0.01]"
Cognitive Ability,Clinical journal 2,journals,Clinical,Clinical journal 2,0.12935335582176924,0.044334514122304255,0.21950177795212708,-0.0025508949424309516,-0.011338764351707189,0.007672092777171456,FALSE,Occasional,No trend detected,Occasional and No trend detected,"0.13 95% CI [0.04, 0.22]","-0.00 95% CI [-0.01, 0.01]"
Cognitive Ability,Clinical journal 3,journals,Clinical,Clinical journal 3,0.13024422801268193,0.04506934691369966,0.22504375136286722,-0.0025508949424309516,-0.011338764351707189,0.007672092777171456,FALSE,Occasional,No trend detected,Occasional and No trend detected,"0.13 95% CI [0.05, 0.23]","-0.00 95% CI [-0.01, 0.01]"
Cognitive Ability,Clinical journal 4,journals,Clinical,Clinical journal 4,0.19203204256262807,0.09268794494167679,0.3920263535229401,-0.0025508949424309516,-0.011338764351707189,0.007672092777171456,FALSE,Occasional,No trend detected,Occasional and No trend detected,"0.19 95% CI [0.09, 0.39]","-0.00 95% CI [-0.01, 0.01]"
Cognitive Ability,Clinical journal 5,journals,Clinical,Clinical journal 5,0.13789237582984543,0.05143926166278754,0.23326060791980424,-0.0025508949424309516,-0.011338764351707189,0.007672092777171456,FALSE,Occasional,No trend detected,Occasional and No trend detected,"0.14 95% CI [0.05, 0.23]","-0.00 95% CI [-0.01, 0.01]"
Cognitive Ability,Cognitive,subfields,Cognitive,hypothetical typical journal,0.115161369220737,0.02947193593613266,0.21201842189711495,-0.0025508949424309516,-0.011338764351707189,0.007672092777171456,FALSE,Occasional,No trend detected,Occasional and No trend detected,"0.12 95% CI [0.03, 0.21]","-0.00 95% CI [-0.01, 0.01]"
Cognitive Ability,Cognitive journal 1,journals,Cognitive,Cognitive journal 1,0.10892398066042486,0.03525128157577689,0.1805611639593295,-0.0025508949424309516,-0.011338764351707189,0.007672092777171456,FALSE,Occasional,No trend detected,Occasional and No trend detected,"0.11 95% CI [0.04, 0.18]","-0.00 95% CI [-0.01, 0.01]"
Cognitive Ability,Cognitive journal 2,journals,Cognitive,Cognitive journal 2,0.11006329506434585,0.038540566323656274,0.1903134733113343,-0.0025508949424309516,-0.011338764351707189,0.007672092777171456,FALSE,Occasional,No trend detected,Occasional and No trend detected,"0.11 95% CI [0.04, 0.19]","-0.00 95% CI [-0.01, 0.01]"
Cognitive Ability,Cognitive journal 3,journals,Cognitive,Cognitive journal 3,0.11872566643053883,0.04181517952699041,0.2052679718807114,-0.0025508949424309516,-0.011338764351707189,0.007672092777171456,FALSE,Occasional,No trend detected,Occasional and No trend detected,"0.12 95% CI [0.04, 0.21]","-0.00 95% CI [-0.01, 0.01]"
Cognitive Ability,Cognitive journal 4,journals,Cognitive,Cognitive journal 4,0.10730616275421215,0.035727458147056745,0.18193586787278607,-0.0025508949424309516,-0.011338764351707189,0.007672092777171456,FALSE,Occasional,No trend detected,Occasional and No trend detected,"0.11 95% CI [0.04, 0.18]","-0.00 95% CI [-0.01, 0.01]"
Cognitive Ability,Cognitive journal 5,journals,Cognitive,Cognitive journal 5,0.1182513695468121,0.047149183634213734,0.2061948252326257,-0.0025508949424309516,-0.011338764351707189,0.007672092777171456,FALSE,Occasional,No trend detected,Occasional and No trend detected,"0.12 95% CI [0.05, 0.21]","-0.00 95% CI [-0.01, 0.01]"
Cognitive Ability,Developmental,subfields,Developmental,hypothetical typical journal,0.14091508606751443,0.04884391696152475,0.265724456107947,-0.0025508949424309516,-0.011338764351707189,0.007672092777171456,FALSE,Occasional,No trend detected,Occasional and No trend detected,"0.14 95% CI [0.05, 0.27]","-0.00 95% CI [-0.01, 0.01]"
Cognitive Ability,Developmental journal 1,journals,Developmental,Developmental journal 1,0.1685392560133465,0.08637438035397901,0.3208106664288907,-0.0025508949424309516,-0.011338764351707189,0.007672092777171456,FALSE,Occasional,No trend detected,Occasional and No trend detected,"0.17 95% CI [0.09, 0.32]","-0.00 95% CI [-0.01, 0.01]"
Cognitive Ability,Developmental journal 2,journals,Developmental,Developmental journal 2,0.15570922860877456,0.07233628291943554,0.2845298199864654,-0.0025508949424309516,-0.011338764351707189,0.007672092777171456,FALSE,Occasional,No trend detected,Occasional and No trend detected,"0.16 95% CI [0.07, 0.28]","-0.00 95% CI [-0.01, 0.01]"
Cognitive Ability,Developmental journal 3,journals,Developmental,Developmental journal 3,0.13002832469888875,0.044963678566571186,0.2250053695625202,-0.0025508949424309516,-0.011338764351707189,0.007672092777171456,FALSE,Occasional,No trend detected,Occasional and No trend detected,"0.13 95% CI [0.04, 0.23]","-0.00 95% CI [-0.01, 0.01]"
Cognitive Ability,Developmental journal 4,journals,Developmental,Developmental journal 4,0.1367451088899369,0.05546490867646907,0.23819014301513808,-0.0025508949424309516,-0.011338764351707189,0.007672092777171456,FALSE,Occasional,No trend detected,Occasional and No trend detected,"0.14 95% CI [0.06, 0.24]","-0.00 95% CI [-0.01, 0.01]"
Cognitive Ability,Developmental journal 5,journals,Developmental,Developmental journal 5,0.13849439892344434,0.054823989962913586,0.2383890829951449,-0.0025508949424309516,-0.011338764351707189,0.007672092777171456,FALSE,Occasional,No trend detected,Occasional and No trend detected,"0.14 95% CI [0.05, 0.24]","-0.00 95% CI [-0.01, 0.01]"
Cognitive Ability,General,subfields,General,hypothetical typical journal,0.11487530645487529,0.033772750947379485,0.21629817607566446,-0.0025508949424309516,-0.011338764351707189,0.007672092777171456,FALSE,Occasional,No trend detected,Occasional and No trend detected,"0.11 95% CI [0.03, 0.22]","-0.00 95% CI [-0.01, 0.01]"
Cognitive Ability,General journal 1,journals,General,General journal 1,0.12436687228328347,0.04850879000187888,0.22543395417676113,-0.0025508949424309516,-0.011338764351707189,0.007672092777171456,FALSE,Occasional,No trend detected,Occasional and No trend detected,"0.12 95% CI [0.05, 0.23]","-0.00 95% CI [-0.01, 0.01]"
Cognitive Ability,General journal 2,journals,General,General journal 2,0.11551878356357342,0.04333254860088249,0.20530058498365275,-0.0025508949424309516,-0.011338764351707189,0.007672092777171456,FALSE,Occasional,No trend detected,Occasional and No trend detected,"0.12 95% CI [0.04, 0.21]","-0.00 95% CI [-0.01, 0.01]"
Cognitive Ability,General journal 3,journals,General,General journal 3,0.10829342544467922,0.03685287945813279,0.18748694878373146,-0.0025508949424309516,-0.011338764351707189,0.007672092777171456,FALSE,Occasional,No trend detected,Occasional and No trend detected,"0.11 95% CI [0.04, 0.19]","-0.00 95% CI [-0.01, 0.01]"
Cognitive Ability,General journal 4,journals,General,General journal 4,0.09932994600492719,0.027848311792768643,0.1677949626161461,-0.0025508949424309516,-0.011338764351707189,0.007672092777171456,FALSE,Uncommon,No trend detected,Uncommon and No trend detected,"0.10 95% CI [0.03, 0.17]","-0.00 95% CI [-0.01, 0.01]"
Cognitive Ability,General journal 5,journals,General,General journal 5,0.10750403555992877,0.03389261793109973,0.1801426998472408,-0.0025508949424309516,-0.011338764351707189,0.007672092777171456,FALSE,Occasional,No trend detected,Occasional and No trend detected,"0.11 95% CI [0.03, 0.18]","-0.00 95% CI [-0.01, 0.01]"
Cognitive Ability,I/O,subfields,I/O,hypothetical typical journal,0.12569762557599717,0.036096340494562784,0.2327787545412513,-0.0025508949424309516,-0.011338764351707189,0.007672092777171456,FALSE,Occasional,No trend detected,Occasional and No trend detected,"0.13 95% CI [0.04, 0.23]","-0.00 95% CI [-0.01, 0.01]"
Cognitive Ability,I/O journal 1,journals,I/O,I/O journal 1,0.14269910881599657,0.062281840129293,0.25786527479927046,-0.0025508949424309516,-0.011338764351707189,0.007672092777171456,FALSE,Occasional,No trend detected,Occasional and No trend detected,"0.14 95% CI [0.06, 0.26]","-0.00 95% CI [-0.01, 0.01]"
Cognitive Ability,I/O journal 2,journals,I/O,I/O journal 2,0.12645119498082416,0.04950752904180525,0.21617407516807713,-0.0025508949424309516,-0.011338764351707189,0.007672092777171456,FALSE,Occasional,No trend detected,Occasional and No trend detected,"0.13 95% CI [0.05, 0.22]","-0.00 95% CI [-0.01, 0.01]"
Cognitive Ability,I/O journal 3,journals,I/O,I/O journal 3,0.1340182258288195,0.05826785021473758,0.23343580383144674,-0.0025508949424309516,-0.011338764351707189,0.007672092777171456,FALSE,Occasional,No trend detected,Occasional and No trend detected,"0.13 95% CI [0.06, 0.23]","-0.00 95% CI [-0.01, 0.01]"
Cognitive Ability,I/O journal 4,journals,I/O,I/O journal 4,0.10880784159541768,0.027515815773128012,0.18255752008617937,-0.0025508949424309516,-0.011338764351707189,0.007672092777171456,FALSE,Occasional,No trend detected,Occasional and No trend detected,"0.11 95% CI [0.03, 0.18]","-0.00 95% CI [-0.01, 0.01]"
Cognitive Ability,I/O journal 5,journals,I/O,I/O journal 5,0.11896936483671308,0.038008247505642016,0.19788903033708377,-0.0025508949424309516,-0.011338764351707189,0.007672092777171456,FALSE,Occasional,No trend detected,Occasional and No trend detected,"0.12 95% CI [0.04, 0.20]","-0.00 95% CI [-0.01, 0.01]"
Cognitive Ability,Social/Personality,subfields,Social/Personality,hypothetical typical journal,0.1261296827219935,0.0363808429825546,0.2307995945102658,-0.0025508949424309516,-0.011338764351707189,0.007672092777171456,FALSE,Occasional,No trend detected,Occasional and No trend detected,"0.13 95% CI [0.04, 0.23]","-0.00 95% CI [-0.01, 0.01]"
Cognitive Ability,Social/Personality journal 1,journals,Social/Personality,Social/Personality journal 1,0.13658866400725644,0.04955912591640184,0.2371903658468262,-0.0025508949424309516,-0.011338764351707189,0.007672092777171456,FALSE,Occasional,No trend detected,Occasional and No trend detected,"0.14 95% CI [0.05, 0.24]","-0.00 95% CI [-0.01, 0.01]"
Cognitive Ability,Social/Personality journal 2,journals,Social/Personality,Social/Personality journal 2,0.12774342898624108,0.04530782975396104,0.218540780610605,-0.0025508949424309516,-0.011338764351707189,0.007672092777171456,FALSE,Occasional,No trend detected,Occasional and No trend detected,"0.13 95% CI [0.05, 0.22]","-0.00 95% CI [-0.01, 0.01]"
Cognitive Ability,Social/Personality journal 3,journals,Social/Personality,Social/Personality journal 3,0.11013751189047043,0.029610518031877975,0.18058526670692202,-0.0025508949424309516,-0.011338764351707189,0.007672092777171456,FALSE,Occasional,No trend detected,Occasional and No trend detected,"0.11 95% CI [0.03, 0.18]","-0.00 95% CI [-0.01, 0.01]"
Cognitive Ability,Social/Personality journal 4,journals,Social/Personality,Social/Personality journal 4,0.13430832433365242,0.059515244591255755,0.23885959092378117,-0.0025508949424309516,-0.011338764351707189,0.007672092777171456,FALSE,Occasional,No trend detected,Occasional and No trend detected,"0.13 95% CI [0.06, 0.24]","-0.00 95% CI [-0.01, 0.01]"
Cognitive Ability,Social/Personality journal 5,journals,Social/Personality,Social/Personality journal 5,0.12703538728004263,0.04996800512277475,0.21915920337470282,-0.0025508949424309516,-0.011338764351707189,0.007672092777171456,FALSE,Occasional,No trend detected,Occasional and No trend detected,"0.13 95% CI [0.05, 0.22]","-0.00 95% CI [-0.01, 0.01]"
Neurophysiological,Psychology,field,hypothetical typical subfield,hypothetical typical journal,0.06928566255381505,0.041691377268463156,0.09986948056320288,0.002139675190863574,-0.005665394338643351,0.009180552425195368,FALSE,Uncommon,No trend detected,Uncommon and No trend detected,"0.07 95% CI [0.04, 0.10]","0.00 95% CI [-0.01, 0.01]"
Neurophysiological,Clinical,subfields,Clinical,hypothetical typical journal,0.06887796631950945,0.021065916388788783,0.12662532613684457,0.002139675190863574,-0.005665394338643351,0.009180552425195368,FALSE,Uncommon,No trend detected,Uncommon and No trend detected,"0.07 95% CI [0.02, 0.13]","0.00 95% CI [-0.01, 0.01]"
Neurophysiological,Clinical journal 1,journals,Clinical,Clinical journal 1,0.06414242842733897,0.015780547422250643,0.1093180183302682,0.002139675190863574,-0.005665394338643351,0.009180552425195368,FALSE,Uncommon,No trend detected,Uncommon and No trend detected,"0.06 95% CI [0.02, 0.11]","0.00 95% CI [-0.01, 0.01]"
Neurophysiological,Clinical journal 2,journals,Clinical,Clinical journal 2,0.07191364441221049,0.0309865117571577,0.13178008392850324,0.002139675190863574,-0.005665394338643351,0.009180552425195368,FALSE,Uncommon,No trend detected,Uncommon and No trend detected,"0.07 95% CI [0.03, 0.13]","0.00 95% CI [-0.01, 0.01]"
Neurophysiological,Clinical journal 3,journals,Clinical,Clinical journal 3,0.06723313349695897,0.020773454171907218,0.11460121192902725,0.002139675190863574,-0.005665394338643351,0.009180552425195368,FALSE,Uncommon,No trend detected,Uncommon and No trend detected,"0.07 95% CI [0.02, 0.11]","0.00 95% CI [-0.01, 0.01]"
Neurophysiological,Clinical journal 4,journals,Clinical,Clinical journal 4,0.0684556767949758,0.020043273329926805,0.12055433921660832,0.002139675190863574,-0.005665394338643351,0.009180552425195368,FALSE,Uncommon,No trend detected,Uncommon and No trend detected,"0.07 95% CI [0.02, 0.12]","0.00 95% CI [-0.01, 0.01]"
Neurophysiological,Clinical journal 5,journals,Clinical,Clinical journal 5,0.07093633815292716,0.028485316943622937,0.12814194281029853,0.002139675190863574,-0.005665394338643351,0.009180552425195368,FALSE,Uncommon,No trend detected,Uncommon and No trend detected,"0.07 95% CI [0.03, 0.13]","0.00 95% CI [-0.01, 0.01]"
Neurophysiological,Cognitive,subfields,Cognitive,hypothetical typical journal,0.06738430535806095,0.018524072055366717,0.12229215803044968,0.002139675190863574,-0.005665394338643351,0.009180552425195368,FALSE,Uncommon,No trend detected,Uncommon and No trend detected,"0.07 95% CI [0.02, 0.12]","0.00 95% CI [-0.01, 0.01]"
Neurophysiological,Cognitive journal 1,journals,Cognitive,Cognitive journal 1,0.06634186297131747,0.021666408661107344,0.11691067274193624,0.002139675190863574,-0.005665394338643351,0.009180552425195368,FALSE,Uncommon,No trend detected,Uncommon and No trend detected,"0.07 95% CI [0.02, 0.12]","0.00 95% CI [-0.01, 0.01]"
Neurophysiological,Cognitive journal 2,journals,Cognitive,Cognitive journal 2,0.0676123515671083,0.021143593487429342,0.11672775603198425,0.002139675190863574,-0.005665394338643351,0.009180552425195368,FALSE,Uncommon,No trend detected,Uncommon and No trend detected,"0.07 95% CI [0.02, 0.12]","0.00 95% CI [-0.01, 0.01]"
Neurophysiological,Cognitive journal 3,journals,Cognitive,Cognitive journal 3,0.06402776513207509,0.01789878631774957,0.10995480164958808,0.002139675190863574,-0.005665394338643351,0.009180552425195368,FALSE,Uncommon,No trend detected,Uncommon and No trend detected,"0.06 95% CI [0.02, 0.11]","0.00 95% CI [-0.01, 0.01]"
Neurophysiological,Cognitive journal 4,journals,Cognitive,Cognitive journal 4,0.07116959039246114,0.024884900580583635,0.12962449404450446,0.002139675190863574,-0.005665394338643351,0.009180552425195368,FALSE,Uncommon,No trend detected,Uncommon and No trend detected,"0.07 95% CI [0.02, 0.13]","0.00 95% CI [-0.01, 0.01]"
Neurophysiological,Cognitive journal 5,journals,Cognitive,Cognitive journal 5,0.06696760769567775,0.024940515272719305,0.11805111201084371,0.002139675190863574,-0.005665394338643351,0.009180552425195368,FALSE,Uncommon,No trend detected,Uncommon and No trend detected,"0.07 95% CI [0.02, 0.12]","0.00 95% CI [-0.01, 0.01]"
Neurophysiological,Developmental,subfields,Developmental,hypothetical typical journal,0.06826803085199482,0.018811229488125403,0.11917049306884694,0.002139675190863574,-0.005665394338643351,0.009180552425195368,FALSE,Uncommon,No trend detected,Uncommon and No trend detected,"0.07 95% CI [0.02, 0.12]","0.00 95% CI [-0.01, 0.01]"
Neurophysiological,Developmental journal 1,journals,Developmental,Developmental journal 1,0.06744181099814034,0.022859793248975253,0.11679396281851818,0.002139675190863574,-0.005665394338643351,0.009180552425195368,FALSE,Uncommon,No trend detected,Uncommon and No trend detected,"0.07 95% CI [0.02, 0.12]","0.00 95% CI [-0.01, 0.01]"
Neurophysiological,Developmental journal 2,journals,Developmental,Developmental journal 2,0.0644469634008494,0.015696702565480565,0.10857254192592673,0.002139675190863574,-0.005665394338643351,0.009180552425195368,FALSE,Uncommon,No trend detected,Uncommon and No trend detected,"0.06 95% CI [0.02, 0.11]","0.00 95% CI [-0.01, 0.01]"
Neurophysiological,Developmental journal 3,journals,Developmental,Developmental journal 3,0.0678110816317509,0.023624146285306232,0.1169504185633817,0.002139675190863574,-0.005665394338643351,0.009180552425195368,FALSE,Uncommon,No trend detected,Uncommon and No trend detected,"0.07 95% CI [0.02, 0.12]","0.00 95% CI [-0.01, 0.01]"
Neurophysiological,Developmental journal 4,journals,Developmental,Developmental journal 4,0.07008013230745921,0.024724580592006197,0.12670225585159517,0.002139675190863574,-0.005665394338643351,0.009180552425195368,FALSE,Uncommon,No trend detected,Uncommon and No trend detected,"0.07 95% CI [0.02, 0.13]","0.00 95% CI [-0.01, 0.01]"
Neurophysiological,Developmental journal 5,journals,Developmental,Developmental journal 5,0.06607191201806417,0.022824981060435536,0.1163999197785109,0.002139675190863574,-0.005665394338643351,0.009180552425195368,FALSE,Uncommon,No trend detected,Uncommon and No trend detected,"0.07 95% CI [0.02, 0.12]","0.00 95% CI [-0.01, 0.01]"
Neurophysiological,General,subfields,General,hypothetical typical journal,0.0687401089195313,0.020083834090031553,0.12421022421039295,0.002139675190863574,-0.005665394338643351,0.009180552425195368,FALSE,Uncommon,No trend detected,Uncommon and No trend detected,"0.07 95% CI [0.02, 0.12]","0.00 95% CI [-0.01, 0.01]"
Neurophysiological,General journal 1,journals,General,General journal 1,0.06908015328042169,0.024505531573922067,0.12324797450877885,0.002139675190863574,-0.005665394338643351,0.009180552425195368,FALSE,Uncommon,No trend detected,Uncommon and No trend detected,"0.07 95% CI [0.02, 0.12]","0.00 95% CI [-0.01, 0.01]"
Neurophysiological,General journal 2,journals,General,General journal 2,0.06809008275241958,0.023441362226092662,0.11982278639322011,0.002139675190863574,-0.005665394338643351,0.009180552425195368,FALSE,Uncommon,No trend detected,Uncommon and No trend detected,"0.07 95% CI [0.02, 0.12]","0.00 95% CI [-0.01, 0.01]"
Neurophysiological,General journal 3,journals,General,General journal 3,0.06879099143265004,0.027646963307110358,0.12301504098611135,0.002139675190863574,-0.005665394338643351,0.009180552425195368,FALSE,Uncommon,No trend detected,Uncommon and No trend detected,"0.07 95% CI [0.03, 0.12]","0.00 95% CI [-0.01, 0.01]"
Neurophysiological,General journal 4,journals,General,General journal 4,0.07221120942218462,0.030011808382671087,0.13269863053848457,0.002139675190863574,-0.005665394338643351,0.009180552425195368,FALSE,Uncommon,No trend detected,Uncommon and No trend detected,"0.07 95% CI [0.03, 0.13]","0.00 95% CI [-0.01, 0.01]"
Neurophysiological,General journal 5,journals,General,General journal 5,0.06382428514128011,0.0193222080181126,0.11231599359625716,0.002139675190863574,-0.005665394338643351,0.009180552425195368,FALSE,Uncommon,No trend detected,Uncommon and No trend detected,"0.06 95% CI [0.02, 0.11]","0.00 95% CI [-0.01, 0.01]"
Neurophysiological,I/O,subfields,I/O,hypothetical typical journal,0.0723011918866843,0.02268007063521175,0.13439894277025083,0.002139675190863574,-0.005665394338643351,0.009180552425195368,FALSE,Uncommon,No trend detected,Uncommon and No trend detected,"0.07 95% CI [0.02, 0.13]","0.00 95% CI [-0.01, 0.01]"
Neurophysiological,I/O journal 1,journals,I/O,I/O journal 1,0.07973596228169226,0.034992614754599076,0.15974523680320524,0.002139675190863574,-0.005665394338643351,0.009180552425195368,FALSE,Uncommon,No trend detected,Uncommon and No trend detected,"0.08 95% CI [0.03, 0.16]","0.00 95% CI [-0.01, 0.01]"
Neurophysiological,I/O journal 2,journals,I/O,I/O journal 2,0.07618134688348857,0.03527992373149782,0.14487246440809598,0.002139675190863574,-0.005665394338643351,0.009180552425195368,FALSE,Uncommon,No trend detected,Uncommon and No trend detected,"0.08 95% CI [0.04, 0.14]","0.00 95% CI [-0.01, 0.01]"
Neurophysiological,I/O journal 3,journals,I/O,I/O journal 3,0.06723973508832291,0.023765314770178837,0.11839469215489537,0.002139675190863574,-0.005665394338643351,0.009180552425195368,FALSE,Uncommon,No trend detected,Uncommon and No trend detected,"0.07 95% CI [0.02, 0.12]","0.00 95% CI [-0.01, 0.01]"
Neurophysiological,I/O journal 4,journals,I/O,I/O journal 4,0.07102019272446655,0.02321449856288551,0.12552523821121284,0.002139675190863574,-0.005665394338643351,0.009180552425195368,FALSE,Uncommon,No trend detected,Uncommon and No trend detected,"0.07 95% CI [0.02, 0.13]","0.00 95% CI [-0.01, 0.01]"
Neurophysiological,I/O journal 5,journals,I/O,I/O journal 5,0.07188756616355112,0.02708336378715196,0.12951595612354994,0.002139675190863574,-0.005665394338643351,0.009180552425195368,FALSE,Uncommon,No trend detected,Uncommon and No trend detected,"0.07 95% CI [0.03, 0.13]","0.00 95% CI [-0.01, 0.01]"
Neurophysiological,Social/Personality,subfields,Social/Personality,hypothetical typical journal,0.07268298372166068,0.027902982553994114,0.13720884769490438,0.002139675190863574,-0.005665394338643351,0.009180552425195368,FALSE,Uncommon,No trend detected,Uncommon and No trend detected,"0.07 95% CI [0.03, 0.14]","0.00 95% CI [-0.01, 0.01]"
Neurophysiological,Social/Personality journal 1,journals,Social/Personality,Social/Personality journal 1,0.08379153346480606,0.0361154101603917,0.18182546173762373,0.002139675190863574,-0.005665394338643351,0.009180552425195368,FALSE,Uncommon,No trend detected,Uncommon and No trend detected,"0.08 95% CI [0.04, 0.18]","0.00 95% CI [-0.01, 0.01]"
Neurophysiological,Social/Personality journal 2,journals,Social/Personality,Social/Personality journal 2,0.06848870519752696,0.02413227118639986,0.12123591659822769,0.002139675190863574,-0.005665394338643351,0.009180552425195368,FALSE,Uncommon,No trend detected,Uncommon and No trend detected,"0.07 95% CI [0.02, 0.12]","0.00 95% CI [-0.01, 0.01]"
Neurophysiological,Social/Personality journal 3,journals,Social/Personality,Social/Personality journal 3,0.06674422915702324,0.021793968061548097,0.11767142184913175,0.002139675190863574,-0.005665394338643351,0.009180552425195368,FALSE,Uncommon,No trend detected,Uncommon and No trend detected,"0.07 95% CI [0.02, 0.12]","0.00 95% CI [-0.01, 0.01]"
Neurophysiological,Social/Personality journal 4,journals,Social/Personality,Social/Personality journal 4,0.07143984473200843,0.026789875114720363,0.12657822812396627,0.002139675190863574,-0.005665394338643351,0.009180552425195368,FALSE,Uncommon,No trend detected,Uncommon and No trend detected,"0.07 95% CI [0.03, 0.13]","0.00 95% CI [-0.01, 0.01]"
Neurophysiological,Social/Personality journal 5,journals,Social/Personality,Social/Personality journal 5,0.07586531112677058,0.0324763875971033,0.14038973887985856,0.002139675190863574,-0.005665394338643351,0.009180552425195368,FALSE,Uncommon,No trend detected,Uncommon and No trend detected,"0.08 95% CI [0.03, 0.14]","0.00 95% CI [-0.01, 0.01]"
Self-Report about Subjective Experience,Psychology,field,hypothetical typical subfield,hypothetical typical journal,0.8573015861181201,0.7449674397353709,0.9513083953480588,-0.0022808851969690403,-0.013889385638111134,0.008985887224910971,FALSE,Frequent,No trend detected,Frequent and No trend detected,"0.86 95% CI [0.74, 0.95]","-0.00 95% CI [-0.01, 0.01]"
Self-Report about Subjective Experience,Clinical,subfields,Clinical,hypothetical typical journal,0.9400747365424225,0.8659570756347656,0.9882512722974457,-0.0022808851969690403,-0.013889385638111134,0.008985887224910971,FALSE,Frequent,No trend detected,Frequent and No trend detected,"0.94 95% CI [0.87, 0.99]","-0.00 95% CI [-0.01, 0.01]"
Self-Report about Subjective Experience,Clinical journal 1,journals,Clinical,Clinical journal 1,0.9350324013011866,0.860365044247188,0.9831788892049316,-0.0022808851969690403,-0.013889385638111134,0.008985887224910971,FALSE,Frequent,No trend detected,Frequent and No trend detected,"0.94 95% CI [0.86, 0.98]","-0.00 95% CI [-0.01, 0.01]"
Self-Report about Subjective Experience,Clinical journal 2,journals,Clinical,Clinical journal 2,0.9404680230413243,0.8738405017034037,0.9868201323564971,-0.0022808851969690403,-0.013889385638111134,0.008985887224910971,FALSE,Frequent,No trend detected,Frequent and No trend detected,"0.94 95% CI [0.87, 0.99]","-0.00 95% CI [-0.01, 0.01]"
Self-Report about Subjective Experience,Clinical journal 3,journals,Clinical,Clinical journal 3,0.9409437067569808,0.8754732825555903,0.9892965625149635,-0.0022808851969690403,-0.013889385638111134,0.008985887224910971,FALSE,Frequent,No trend detected,Frequent and No trend detected,"0.94 95% CI [0.88, 0.99]","-0.00 95% CI [-0.01, 0.01]"
Self-Report about Subjective Experience,Clinical journal 4,journals,Clinical,Clinical journal 4,0.9454093558543823,0.88505532276749,0.9910845983804762,-0.0022808851969690403,-0.013889385638111134,0.008985887224910971,FALSE,Frequent,No trend detected,Frequent and No trend detected,"0.95 95% CI [0.89, 0.99]","-0.00 95% CI [-0.01, 0.01]"
Self-Report about Subjective Experience,Clinical journal 5,journals,Clinical,Clinical journal 5,0.9452292874384063,0.8849050265464236,0.9886624706105291,-0.0022808851969690403,-0.013889385638111134,0.008985887224910971,FALSE,Frequent,No trend detected,Frequent and No trend detected,"0.95 95% CI [0.88, 0.99]","-0.00 95% CI [-0.01, 0.01]"
Self-Report about Subjective Experience,Cognitive,subfields,Cognitive,hypothetical typical journal,0.93614057819643,0.8550699837513998,0.987270336742388,-0.0022808851969690403,-0.013889385638111134,0.008985887224910971,FALSE,Frequent,No trend detected,Frequent and No trend detected,"0.94 95% CI [0.86, 0.99]","-0.00 95% CI [-0.01, 0.01]"
Self-Report about Subjective Experience,Cognitive journal 1,journals,Cognitive,Cognitive journal 1,0.9427514695664534,0.8769266624142881,0.9884596366461048,-0.0022808851969690403,-0.013889385638111134,0.008985887224910971,FALSE,Frequent,No trend detected,Frequent and No trend detected,"0.94 95% CI [0.88, 0.99]","-0.00 95% CI [-0.01, 0.01]"
Self-Report about Subjective Experience,Cognitive journal 2,journals,Cognitive,Cognitive journal 2,0.9364337500420087,0.8670554807820144,0.9863654353082695,-0.0022808851969690403,-0.013889385638111134,0.008985887224910971,FALSE,Frequent,No trend detected,Frequent and No trend detected,"0.94 95% CI [0.87, 0.99]","-0.00 95% CI [-0.01, 0.01]"
Self-Report about Subjective Experience,Cognitive journal 3,journals,Cognitive,Cognitive journal 3,0.9419593456699269,0.87689606897954,0.989021695428038,-0.0022808851969690403,-0.013889385638111134,0.008985887224910971,FALSE,Frequent,No trend detected,Frequent and No trend detected,"0.94 95% CI [0.88, 0.99]","-0.00 95% CI [-0.01, 0.01]"
Self-Report about Subjective Experience,Cognitive journal 4,journals,Cognitive,Cognitive journal 4,0.9318300916110911,0.8487482414114809,0.9819170054334326,-0.0022808851969690403,-0.013889385638111134,0.008985887224910971,FALSE,Frequent,No trend detected,Frequent and No trend detected,"0.93 95% CI [0.85, 0.98]","-0.00 95% CI [-0.01, 0.01]"
Self-Report about Subjective Experience,Cognitive journal 5,journals,Cognitive,Cognitive journal 5,0.9363610397917669,0.8625269154111106,0.9847649049228042,-0.0022808851969690403,-0.013889385638111134,0.008985887224910971,FALSE,Frequent,No trend detected,Frequent and No trend detected,"0.94 95% CI [0.86, 0.98]","-0.00 95% CI [-0.01, 0.01]"
Self-Report about Subjective Experience,Developmental,subfields,Developmental,hypothetical typical journal,0.8067594734165111,0.6507515290851748,0.9293958252259359,-0.0022808851969690403,-0.013889385638111134,0.008985887224910971,FALSE,Frequent,No trend detected,Frequent and No trend detected,"0.81 95% CI [0.65, 0.93]","-0.00 95% CI [-0.01, 0.01]"
Self-Report about Subjective Experience,Developmental journal 1,journals,Developmental,Developmental journal 1,0.8183453311663085,0.7106467916435822,0.9275713862673967,-0.0022808851969690403,-0.013889385638111134,0.008985887224910971,FALSE,Frequent,No trend detected,Frequent and No trend detected,"0.82 95% CI [0.71, 0.93]","-0.00 95% CI [-0.01, 0.01]"
Self-Report about Subjective Experience,Developmental journal 2,journals,Developmental,Developmental journal 2,0.7926851380651903,0.6605317341852176,0.9010999531734949,-0.0022808851969690403,-0.013889385638111134,0.008985887224910971,FALSE,Frequent,No trend detected,Frequent and No trend detected,"0.79 95% CI [0.66, 0.90]","-0.00 95% CI [-0.01, 0.01]"
Self-Report about Subjective Experience,Developmental journal 3,journals,Developmental,Developmental journal 3,0.8197792734274557,0.7075464903247769,0.9310022980967645,-0.0022808851969690403,-0.013889385638111134,0.008985887224910971,FALSE,Frequent,No trend detected,Frequent and No trend detected,"0.82 95% CI [0.71, 0.93]","-0.00 95% CI [-0.01, 0.01]"
Self-Report about Subjective Experience,Developmental journal 4,journals,Developmental,Developmental journal 4,0.7602939112367157,0.5773812931555875,0.8821996308538953,-0.0022808851969690403,-0.013889385638111134,0.008985887224910971,FALSE,Frequent,No trend detected,Frequent and No trend detected,"0.76 95% CI [0.58, 0.88]","-0.00 95% CI [-0.01, 0.01]"
Self-Report about Subjective Experience,Developmental journal 5,journals,Developmental,Developmental journal 5,0.826035181801549,0.7134932479295242,0.936935886908571,-0.0022808851969690403,-0.013889385638111134,0.008985887224910971,FALSE,Frequent,No trend detected,Frequent and No trend detected,"0.83 95% CI [0.71, 0.94]","-0.00 95% CI [-0.01, 0.01]"
Self-Report about Subjective Experience,General,subfields,General,hypothetical typical journal,0.8559977554008706,0.7284688521119622,0.9538820999731182,-0.0022808851969690403,-0.013889385638111134,0.008985887224910971,FALSE,Frequent,No trend detected,Frequent and No trend detected,"0.86 95% CI [0.73, 0.95]","-0.00 95% CI [-0.01, 0.01]"
Self-Report about Subjective Experience,General journal 1,journals,General,General journal 1,0.8520423032931537,0.7366494730681293,0.9389039011916438,-0.0022808851969690403,-0.013889385638111134,0.008985887224910971,FALSE,Frequent,No trend detected,Frequent and No trend detected,"0.85 95% CI [0.74, 0.94]","-0.00 95% CI [-0.01, 0.01]"
Self-Report about Subjective Experience,General journal 2,journals,General,General journal 2,0.8549963298471634,0.7475570717066434,0.9441701978384178,-0.0022808851969690403,-0.013889385638111134,0.008985887224910971,FALSE,Frequent,No trend detected,Frequent and No trend detected,"0.85 95% CI [0.75, 0.94]","-0.00 95% CI [-0.01, 0.01]"
Self-Report about Subjective Experience,General journal 3,journals,General,General journal 3,0.8591961631622957,0.75443771948559335,0.9458501400304195,-0.0022808851969690403,-0.013889385638111134,0.008985887224910971,FALSE,Frequent,No trend detected,Frequent and No trend detected,"0.86 95% CI [0.75, 0.95]","-0.00 95% CI [-0.01, 0.01]"
Self-Report about Subjective Experience,General journal 4,journals,General,General journal 4,0.8486436110446234,0.7308911859394783,0.9361530794204899,-0.0022808851969690403,-0.013889385638111134,0.008985887224910971,FALSE,Frequent,No trend detected,Frequent and No trend detected,"0.85 95% CI [0.73, 0.94]","-0.00 95% CI [-0.01, 0.01]"
Self-Report about Subjective Experience,General journal 5,journals,General,General journal 5,0.8674524289888528,0.769412859078939,0.9544261626413166,-0.0022808851969690403,-0.013889385638111134,0.008985887224910971,FALSE,Frequent,No trend detected,Frequent and No trend detected,"0.87 95% CI [0.77, 0.95]","-0.00 95% CI [-0.01, 0.01]"
Self-Report about Subjective Experience,I/O,subfields,I/O,hypothetical typical journal,0.6816545722714473,0.5070345373966892,0.86511674123815,-0.0022808851969690403,-0.013889385638111134,0.008985887224910971,FALSE,Frequent,No trend detected,Frequent and No trend detected,"0.68 95% CI [0.51, 0.87]","-0.00 95% CI [-0.01, 0.01]"
Self-Report about Subjective Experience,I/O journal 1,journals,I/O,I/O journal 1,0.6942384863036799,0.5521008906123479,0.8437993376694737,-0.0022808851969690403,-0.013889385638111134,0.008985887224910971,FALSE,Frequent,No trend detected,Frequent and No trend detected,"0.69 95% CI [0.55, 0.84]","-0.00 95% CI [-0.01, 0.01]"
Self-Report about Subjective Experience,I/O journal 2,journals,I/O,I/O journal 2,0.6704019413974417,0.5070886822990843,0.7982290812864018,-0.0022808851969690403,-0.013889385638111134,0.008985887224910971,FALSE,Frequent,No trend detected,Frequent and No trend detected,"0.67 95% CI [0.51, 0.80]","-0.00 95% CI [-0.01, 0.01]"
Self-Report about Subjective Experience,I/O journal 3,journals,I/O,I/O journal 3,0.6919295545281556,0.5493276621217321,0.8373122410423955,-0.0022808851969690403,-0.013889385638111134,0.008985887224910971,FALSE,Frequent,No trend detected,Frequent and No trend detected,"0.69 95% CI [0.55, 0.84]","-0.00 95% CI [-0.01, 0.01]"
Self-Report about Subjective Experience,I/O journal 4,journals,I/O,I/O journal 4,0.6423555637360036,0.4603813541705827,0.7860532511440718,-0.0022808851969690403,-0.013889385638111134,0.008985887224910971,FALSE,Frequent,No trend detected,Frequent and No trend detected,"0.64 95% CI [0.46, 0.79]","-0.00 95% CI [-0.01, 0.01]"
Self-Report about Subjective Experience,I/O journal 5,journals,I/O,I/O journal 5,0.6952836115901021,0.5456990635010579,0.8366712131412707,-0.0022808851969690403,-0.013889385638111134,0.008985887224910971,FALSE,Frequent,No trend detected,Frequent and No trend detected,"0.70 95% CI [0.55, 0.84]","-0.00 95% CI [-0.01, 0.01]"
Self-Report about Subjective Experience,Social/Personality,subfields,Social/Personality,hypothetical typical journal,0.705638042871073,0.5271589892411184,0.8716821688072546,-0.0022808851969690403,-0.013889385638111134,0.008985887224910971,FALSE,Frequent,No trend detected,Frequent and No trend detected,"0.71 95% CI [0.53, 0.87]","-0.00 95% CI [-0.01, 0.01]"
Self-Report about Subjective Experience,Social/Personality journal 1,journals,Social/Personality,Social/Personality journal 1,0.6996995082625626,0.5431714533542995,0.826880270295441,-0.0022808851969690403,-0.013889385638111134,0.008985887224910971,FALSE,Frequent,No trend detected,Frequent and No trend detected,"0.70 95% CI [0.54, 0.83]","-0.00 95% CI [-0.01, 0.01]"
Self-Report about Subjective Experience,Social/Personality journal 2,journals,Social/Personality,Social/Personality journal 2,0.7376231094872386,0.6049408963200631,0.8912476378936866,-0.0022808851969690403,-0.013889385638111134,0.008985887224910971,FALSE,Frequent,No trend detected,Frequent and No trend detected,"0.74 95% CI [0.60, 0.89]","-0.00 95% CI [-0.01, 0.01]"
Self-Report about Subjective Experience,Social/Personality journal 3,journals,Social/Personality,Social/Personality journal 3,0.7078599130844835,0.5444766889902475,0.8301344572006839,-0.0022808851969690403,-0.013889385638111134,0.008985887224910971,FALSE,Frequent,No trend detected,Frequent and No trend detected,"0.71 95% CI [0.54, 0.83]","-0.00 95% CI [-0.01, 0.01]"
Self-Report about Subjective Experience,Social/Personality journal 4,journals,Social/Personality,Social/Personality journal 4,0.6776907966011021,0.5027622139374945,0.8076966599629668,-0.0022808851969690403,-0.013889385638111134,0.008985887224910971,FALSE,Frequent,No trend detected,Frequent and No trend detected,"0.68 95% CI [0.50, 0.81]","-0.00 95% CI [-0.01, 0.01]"
Self-Report about Subjective Experience,Social/Personality journal 5,journals,Social/Personality,Social/Personality journal 5,0.6886860977068336,0.5288193579725164,0.81958764679029,-0.0022808851969690403,-0.013889385638111134,0.008985887224910971,FALSE,Frequent,No trend detected,Frequent and No trend detected,"0.69 95% CI [0.53, 0.82]","-0.00 95% CI [-0.01, 0.01]"
Mixed Self-Report,Psychology,field,hypothetical typical subfield,hypothetical typical journal,0.10861011544567363,0.06787339833776211,0.16720811178195333,-0.0018005382104201674,-0.016760136939026754,0.012580234947568145,FALSE,Occasional,No trend detected,Occasional and No trend detected,"0.11 95% CI [0.07, 0.17]","-0.00 95% CI [-0.02, 0.01]"
Mixed Self-Report,Clinical,subfields,Clinical,hypothetical typical journal,0.10544311398234424,0.039689469570638236,0.17686760434137236,-0.0018005382104201674,-0.016760136939026754,0.012580234947568145,FALSE,Occasional,No trend detected,Occasional and No trend detected,"0.11 95% CI [0.04, 0.18]","-0.00 95% CI [-0.02, 0.01]"
Mixed Self-Report,Clinical journal 1,journals,Clinical,Clinical journal 1,0.10220500997011989,0.0456510633866927,0.17115475134724498,-0.0018005382104201674,-0.016760136939026754,0.012580234947568145,FALSE,Occasional,No trend detected,Occasional and No trend detected,"0.10 95% CI [0.05, 0.17]","-0.00 95% CI [-0.02, 0.01]"
Mixed Self-Report,Clinical journal 2,journals,Clinical,Clinical journal 2,0.0978369567260966,0.0386111182416708,0.16193920741952428,-0.0018005382104201674,-0.016760136939026754,0.012580234947568145,FALSE,Uncommon,No trend detected,Uncommon and No trend detected,"0.10 95% CI [0.04, 0.16]","-0.00 95% CI [-0.02, 0.01]"
Mixed Self-Report,Clinical journal 3,journals,Clinical,Clinical journal 3,0.09611655316845547,0.03173859526961718,0.15618018737591707,-0.0018005382104201674,-0.016760136939026754,0.012580234947568145,FALSE,Uncommon,No trend detected,Uncommon and No trend detected,"0.10 95% CI [0.03, 0.16]","-0.00 95% CI [-0.02, 0.01]"
Mixed Self-Report,Clinical journal 4,journals,Clinical,Clinical journal 4,0.12083505955689833,0.05907351824546878,0.23978605086314195,-0.0018005382104201674,-0.016760136939026754,0.012580234947568145,FALSE,Occasional,No trend detected,Occasional and No trend detected,"0.12 95% CI [0.06, 0.24]","-0.00 95% CI [-0.02, 0.01]"
Mixed Self-Report,Clinical journal 5,journals,Clinical,Clinical journal 5,0.10751218869837484,0.0433081760529911,0.1783631317678994,-0.0018005382104201674,-0.016760136939026754,0.012580234947568145,FALSE,Occasional,No trend detected,Occasional and No trend detected,"0.11 95% CI [0.04, 0.18]","-0.00 95% CI [-0.02, 0.01]"
Mixed Self-Report,Cognitive,subfields,Cognitive,hypothetical typical journal,0.12150437507175413,0.049153342381528534,0.2222683233817256,-0.0018005382104201674,-0.016760136939026754,0.012580234947568145,FALSE,Occasional,No trend detected,Occasional and No trend detected,"0.12 95% CI [0.05, 0.22]","-0.00 95% CI [-0.02, 0.01]"
Mixed Self-Report,Cognitive journal 1,journals,Cognitive,Cognitive journal 1,0.12710400058033844,0.05909115629651768,0.22373813101464388,-0.0018005382104201674,-0.016760136939026754,0.012580234947568145,FALSE,Occasional,No trend detected,Occasional and No trend detected,"0.13 95% CI [0.06, 0.22]","-0.00 95% CI [-0.02, 0.01]"
Mixed Self-Report,Cognitive journal 2,journals,Cognitive,Cognitive journal 2,0.1345591301434243,0.06913238427337894,0.24824829309689608,-0.0018005382104201674,-0.016760136939026754,0.012580234947568145,FALSE,Occasional,No trend detected,Occasional and No trend detected,"0.13 95% CI [0.07, 0.25]","-0.00 95% CI [-0.02, 0.01]"
Mixed Self-Report,Cognitive journal 3,journals,Cognitive,Cognitive journal 3,0.12403887099574776,0.059465651757264565,0.21850776113385245,-0.0018005382104201674,-0.016760136939026754,0.012580234947568145,FALSE,Occasional,No trend detected,Occasional and No trend detected,"0.12 95% CI [0.06, 0.22]","-0.00 95% CI [-0.02, 0.01]"
Mixed Self-Report,Cognitive journal 4,journals,Cognitive,Cognitive journal 4,0.11658412434489125,0.051939343123885984,0.20710919392654398,-0.0018005382104201674,-0.016760136939026754,0.012580234947568145,FALSE,Occasional,No trend detected,Occasional and No trend detected,"0.12 95% CI [0.05, 0.21]","-0.00 95% CI [-0.02, 0.01]"
Mixed Self-Report,Cognitive journal 5,journals,Cognitive,Cognitive journal 5,0.12753892361045116,0.06383937698079137,0.22077488719200727,-0.0018005382104201674,-0.016760136939026754,0.012580234947568145,FALSE,Occasional,No trend detected,Occasional and No trend detected,"0.13 95% CI [0.06, 0.22]","-0.00 95% CI [-0.02, 0.01]"
Mixed Self-Report,Developmental,subfields,Developmental,hypothetical typical journal,0.09942043300001316,0.030330685276447406,0.16482094678300874,-0.0018005382104201674,-0.016760136939026754,0.012580234947568145,FALSE,Uncommon,No trend detected,Uncommon and No trend detected,"0.10 95% CI [0.03, 0.16]","-0.00 95% CI [-0.02, 0.01]"
Mixed Self-Report,Developmental journal 1,journals,Developmental,Developmental journal 1,0.1015825797570096,0.04262402263197515,0.16804505986133694,-0.0018005382104201674,-0.016760136939026754,0.012580234947568145,FALSE,Occasional,No trend detected,Occasional and No trend detected,"0.10 95% CI [0.04, 0.17]","-0.00 95% CI [-0.02, 0.01]"
Mixed Self-Report,Developmental journal 2,journals,Developmental,Developmental journal 2,0.10195323795181538,0.043814763964886,0.1725671199665081,-0.0018005382104201674,-0.016760136939026754,0.012580234947568145,FALSE,Occasional,No trend detected,Occasional and No trend detected,"0.10 95% CI [0.04, 0.17]","-0.00 95% CI [-0.02, 0.01]"
Mixed Self-Report,Developmental journal 3,journals,Developmental,Developmental journal 3,0.10117118765164518,0.04050765550917522,0.16581274933639514,-0.0018005382104201674,-0.016760136939026754,0.012580234947568145,FALSE,Occasional,No trend detected,Occasional and No trend detected,"0.10 95% CI [0.04, 0.17]","-0.00 95% CI [-0.02, 0.01]"
Mixed Self-Report,Developmental journal 4,journals,Developmental,Developmental journal 4,0.09585643698911875,0.03713178985816214,0.15595112338090028,-0.0018005382104201674,-0.016760136939026754,0.012580234947568145,FALSE,Uncommon,No trend detected,Uncommon and No trend detected,"0.10 95% CI [0.04, 0.16]","-0.00 95% CI [-0.02, 0.01]"
Mixed Self-Report,Developmental journal 5,journals,Developmental,Developmental journal 5,0.09308391561693044,0.028951738657626097,0.1467857975551614,-0.0018005382104201674,-0.016760136939026754,0.012580234947568145,FALSE,Uncommon,No trend detected,Uncommon and No trend detected,"0.09 95% CI [0.03, 0.15]","-0.00 95% CI [-0.02, 0.01]"
Mixed Self-Report,General,subfields,General,hypothetical typical journal,0.09461436576416246,0.030637279585810386,0.15917679942456986,-0.0018005382104201674,-0.016760136939026754,0.012580234947568145,FALSE,Uncommon,No trend detected,Uncommon and No trend detected,"0.09 95% CI [0.03, 0.16]","-0.00 95% CI [-0.02, 0.01]"
Mixed Self-Report,General journal 1,journals,General,General journal 1,0.09295316246630894,0.03824958193625002,0.15710351930303743,-0.0018005382104201674,-0.016760136939026754,0.012580234947568145,FALSE,Uncommon,No trend detected,Uncommon and No trend detected,"0.09 95% CI [0.04, 0.16]","-0.00 95% CI [-0.02, 0.01]"
Mixed Self-Report,General journal 2,journals,General,General journal 2,0.08833574701996177,0.026955074272910936,0.1442219742618356,-0.0018005382104201674,-0.016760136939026754,0.012580234947568145,FALSE,Uncommon,No trend detected,Uncommon and No trend detected,"0.09 95% CI [0.03, 0.14]","-0.00 95% CI [-0.02, 0.01]"
Mixed Self-Report,General journal 3,journals,General,General journal 3,0.098681206732937607,0.0385689553334915,0.16758380420564928,-0.0018005382104201674,-0.016760136939026754,0.012580234947568145,FALSE,Uncommon,No trend detected,Uncommon and No trend detected,"0.10 95% CI [0.04, 0.17]","-0.00 95% CI [-0.02, 0.01]"
Mixed Self-Report,General journal 4,journals,General,General journal 4,0.09170440652558612,0.03615180372629529,0.1542909682407909,-0.0018005382104201674,-0.016760136939026754,0.012580234947568145,FALSE,Uncommon,No trend detected,Uncommon and No trend detected,"0.09 95% CI [0.04, 0.15]","-0.00 95% CI [-0.02, 0.01]"
Mixed Self-Report,General journal 5,journals,General,General journal 5,0.09044377122027689,0.03145404389347833,0.150688568882403,-0.0018005382104201674,-0.016760136939026754,0.012580234947568145,FALSE,Uncommon,No trend detected,Uncommon and No trend detected,"0.09 95% CI [0.03, 0.15]","-0.00 95% CI [-0.02, 0.01]"
Mixed Self-Report,I/O,subfields,I/O,hypothetical typical journal,0.09903902128205469,0.03712722192380032,0.16925246488923407,-0.0018005382104201674,-0.016760136939026754,0.012580234947568145,FALSE,Uncommon,No trend detected,Uncommon and No trend detected,"0.10 95% CI [0.04, 0.17]","-0.00 95% CI [-0.02, 0.01]"
Mixed Self-Report,I/O journal 1,journals,I/O,I/O journal 1,0.09701995671916558,0.041152920548407364,0.16613259152279047,-0.0018005382104201674,-0.016760136939026754,0.012580234947568145,FALSE,Uncommon,No trend detected,Uncommon and No trend detected,"0.10 95% CI [0.04, 0.17]","-0.00 95% CI [-0.02, 0.01]"
Mixed Self-Report,I/O journal 2,journals,I/O,I/O journal 2,0.09688170380601735,0.04067806860472587,0.15986900412697036,-0.0018005382104201674,-0.016760136939026754,0.012580234947568145,FALSE,Uncommon,No trend detected,Uncommon and No trend detected,"0.10 95% CI [0.04, 0.16]","-0.00 95% CI [-0.02, 0.01]"
Mixed Self-Report,I/O journal 3,journals,I/O,I/O journal 3,0.10049581269734247,0.04345442861631996,0.17058440217258597,-0.0018005382104201674,-0.016760136939026754,0.012580234947568145,FALSE,Occasional,No trend detected,Occasional and No trend detected,"0.10 95% CI [0.04, 0.17]","-0.00 95% CI [-0.02, 0.01]"
Mixed Self-Report,I/O journal 4,journals,I/O,I/O journal 4,0.09492504840763573,0.04200149167100376,0.16101035873851696,-0.0018005382104201674,-0.016760136939026754,0.012580234947568145,FALSE,Uncommon,No trend detected,Uncommon and No trend detected,"0.09 95% CI [0.04, 0.16]","-0.00 95% CI [-0.02, 0.01]"
Mixed Self-Report,I/O journal 5,journals,I/O,I/O journal 5,0.10075009837656457,0.045053910701590816,0.17680874492921123,-0.0018005382104201674,-0.016760136939026754,0.012580234947568145,FALSE,Occasional,No trend detected,Occasional and No trend detected,"0.10 95% CI [0.05, 0.18]","-0.00 95% CI [-0.02, 0.01]"
Mixed Self-Report,Social/Personality,subfields,Social/Personality,hypothetical typical journal,0.10079083762062185,0.03874880954293668,0.17291996229515705,-0.0018005382104201674,-0.016760136939026754,0.012580234947568145,FALSE,Occasional,No trend detected,Occasional and No trend detected,"0.10 95% CI [0.04, 0.17]","-0.00 95% CI [-0.02, 0.01]"
Mixed Self-Report,Social/Personality journal 1,journals,Social/Personality,Social/Personality journal 1,0.1042024993758305,0.04294390191153156,0.18167342916802615,-0.0018005382104201674,-0.016760136939026754,0.012580234947568145,FALSE,Occasional,No trend detected,Occasional and No trend detected,"0.10 95% CI [0.04, 0.18]","-0.00 95% CI [-0.02, 0.01]"
Mixed Self-Report,Social/Personality journal 2,journals,Social/Personality,Social/Personality journal 2,0.09988632947618956,0.041034734017664956,0.1649454065433277,-0.0018005382104201674,-0.016760136939026754,0.012580234947568145,FALSE,Uncommon,No trend detected,Uncommon and No trend detected,"0.10 95% CI [0.04, 0.16]","-0.00 95% CI [-0.02, 0.01]"
Mixed Self-Report,Social/Personality journal 3,journals,Social/Personality,Social/Personality journal 3,0.10032409626658972,0.03704880637355104,0.16320428199020917,-0.0018005382104201674,-0.016760136939026754,0.012580234947568145,FALSE,Occasional,No trend detected,Occasional and No trend detected,"0.10 95% CI [0.04, 0.16]","-0.00 95% CI [-0.02, 0.01]"
Mixed Self-Report,Social/Personality journal 4,journals,Social/Personality,Social/Personality journal 4,0.10257506532248782,0.04455472365268168,0.16940426082830792,-0.0018005382104201674,-0.016760136939026754,0.012580234947568145,FALSE,Occasional,No trend detected,Occasional and No trend detected,"0.10 95% CI [0.04, 0.17]","-0.00 95% CI [-0.02, 0.01]"
Mixed Self-Report,Social/Personality journal 5,journals,Social/Personality,Social/Personality journal 5,0.09843433250373579,0.04169660759228608,0.16275624116461576,-0.0018005382104201674,-0.016760136939026754,0.012580234947568145,FALSE,Uncommon,No trend detected,Uncommon and No trend detected,"0.10 95% CI [0.04, 0.16]","-0.00 95% CI [-0.02, 0.01]"
Self-Report about Behavior,Psychology,field,hypothetical typical subfield,hypothetical typical journal,0.10082050741058725,0.05608250320700231,0.16009568896380702,-0.0021469068261787743,-0.012821183781625342,0.00846823583510317,FALSE,Occasional,No trend detected,Occasional and No trend detected,"0.10 95% CI [0.06, 0.16]","-0.00 95% CI [-0.01, 0.01]"
Self-Report about Behavior,Clinical,subfields,Clinical,hypothetical typical journal,0.08867662958226372,0.03135513215482743,0.15313453735378638,-0.0021469068261787743,-0.012821183781625342,0.00846823583510317,FALSE,Uncommon,No trend detected,Uncommon and No trend detected,"0.09 95% CI [0.03, 0.15]","-0.00 95% CI [-0.01, 0.01]"
Self-Report about Behavior,Clinical journal 1,journals,Clinical,Clinical journal 1,0.09225472910182897,0.0344935541858469,0.15977734386869288,-0.0021469068261787743,-0.012821183781625342,0.00846823583510317,FALSE,Uncommon,No trend detected,Uncommon and No trend detected,"0.09 95% CI [0.03, 0.16]","-0.00 95% CI [-0.01, 0.01]"
Self-Report about Behavior,Clinical journal 2,journals,Clinical,Clinical journal 2,0.08631489607040685,0.030311193894598326,0.14683646164708278,-0.0021469068261787743,-0.012821183781625342,0.00846823583510317,FALSE,Uncommon,No trend detected,Uncommon and No trend detected,"0.09 95% CI [0.03, 0.15]","-0.00 95% CI [-0.01, 0.01]"
Self-Report about Behavior,Clinical journal 3,journals,Clinical,Clinical journal 3,0.08726825140831504,0.030691558759346774,0.1448693768865377,-0.0021469068261787743,-0.012821183781625342,0.00846823583510317,FALSE,Uncommon,No trend detected,Uncommon and No trend detected,"0.09 95% CI [0.03, 0.14]","-0.00 95% CI [-0.01, 0.01]"
Self-Report about Behavior,Clinical journal 4,journals,Clinical,Clinical journal 4,0.0823010762922261,0.026227322582496482,0.1384811170981219,-0.0021469068261787743,-0.012821183781625342,0.00846823583510317,FALSE,Uncommon,No trend detected,Uncommon and No trend detected,"0.08 95% CI [0.03, 0.14]","-0.00 95% CI [-0.01, 0.01]"
Self-Report about Behavior,Clinical journal 5,journals,Clinical,Clinical journal 5,0.08994157497850981,0.03623886158150806,0.15571792065228993,-0.0021469068261787743,-0.012821183781625342,0.00846823583510317,FALSE,Uncommon,No trend detected,Uncommon and No trend detected,"0.09 95% CI [0.04, 0.16]","-0.00 95% CI [-0.01, 0.01]"
Self-Report about Behavior,Cognitive,subfields,Cognitive,hypothetical typical journal,0.1030532996827758,0.03920641175223108,0.18257930149248147,-0.0021469068261787743,-0.012821183781625342,0.00846823583510317,FALSE,Occasional,No trend detected,Occasional and No trend detected,"0.10 95% CI [0.04, 0.18]","-0.00 95% CI [-0.01, 0.01]"
Self-Report about Behavior,Cognitive journal 1,journals,Cognitive,Cognitive journal 1,0.10468714659050922,0.04759959360670144,0.18041703735046577,-0.0021469068261787743,-0.012821183781625342,0.00846823583510317,FALSE,Occasional,No trend detected,Occasional and No trend detected,"0.10 95% CI [0.05, 0.18]","-0.00 95% CI [-0.01, 0.01]"
Self-Report about Behavior,Cognitive journal 2,journals,Cognitive,Cognitive journal 2,0.10388221340878226,0.04778064881659235,0.18151597584086113,-0.0021469068261787743,-0.012821183781625342,0.00846823583510317,FALSE,Occasional,No trend detected,Occasional and No trend detected,"0.10 95% CI [0.05, 0.18]","-0.00 95% CI [-0.01, 0.01]"
Self-Report about Behavior,Cognitive journal 3,journals,Cognitive,Cognitive journal 3,0.09981469456845703,0.038552023145972746,0.17146539584514844,-0.0021469068261787743,-0.012821183781625342,0.00846823583510317,FALSE,Uncommon,No trend detected,Uncommon and No trend detected,"0.10 95% CI [0.04, 0.17]","-0.00 95% CI [-0.01, 0.01]"
Self-Report about Behavior,Cognitive journal 4,journals,Cognitive,Cognitive journal 4,0.10427059355882101,0.050425341601291314,0.1846067353210822,-0.0021469068261787743,-0.012821183781625342,0.00846823583510317,FALSE,Occasional,No trend detected,Occasional and No trend detected,"0.10 95% CI [0.05, 0.18]","-0.00 95% CI [-0.01, 0.01]"
Self-Report about Behavior,Cognitive journal 5,journals,Cognitive,Cognitive journal 5,0.10441784850284475,0.04818759117420749,0.18400011283171774,-0.0021469068261787743,-0.012821183781625342,0.00846823583510317,FALSE,Occasional,No trend detected,Occasional and No trend detected,"0.10 95% CI [0.05, 0.18]","-0.00 95% CI [-0.01, 0.01]"
Self-Report about Behavior,Developmental,subfields,Developmental,hypothetical typical journal,0.113980509235665,0.04470287930357926,0.21015520295883197,-0.0021469068261787743,-0.012821183781625342,0.00846823583510317,FALSE,Occasional,No trend detected,Occasional and No trend detected,"0.11 95% CI [0.04, 0.21]","-0.00 95% CI [-0.01, 0.01]"
Self-Report about Behavior,Developmental journal 1,journals,Developmental,Developmental journal 1,0.1195586299581136,0.055253544095398545,0.2104542666611318,-0.0021469068261787743,-0.012821183781625342,0.00846823583510317,FALSE,Occasional,No trend detected,Occasional and No trend detected,"0.12 95% CI [0.06, 0.21]","-0.00 95% CI [-0.01, 0.01]"
Self-Report about Behavior,Developmental journal 2,journals,Developmental,Developmental journal 2,0.11945872695464133,0.057362028006507915,0.21393718751150415,-0.0021469068261787743,-0.012821183781625342,0.00846823583510317,FALSE,Occasional,No trend detected,Occasional and No trend detected,"0.12 95% CI [0.06, 0.21]","-0.00 95% CI [-0.01, 0.01]"
Self-Report about Behavior,Developmental journal 3,journals,Developmental,Developmental journal 3,0.11913406198136278,0.051677341273093515,0.21242663895768812,-0.0021469068261787743,-0.012821183781625342,0.00846823583510317,FALSE,Occasional,No trend detected,Occasional and No trend detected,"0.12 95% CI [0.05, 0.21]","-0.00 95% CI [-0.01, 0.01]"
Self-Report about Behavior,Developmental journal 4,journals,Developmental,Developmental journal 4,0.1222504987423361,0.05579564874843911,0.21911894787704525,-0.0021469068261787743,-0.012821183781625342,0.00846823583510317,FALSE,Occasional,No trend detected,Occasional and No trend detected,"0.12 95% CI [0.06, 0.22]","-0.00 95% CI [-0.01, 0.01]"
Self-Report about Behavior,Developmental journal 5,journals,Developmental,Developmental journal 5,0.1064709053534952,0.03747911586792722,0.18734557570680424,-0.0021469068261787743,-0.012821183781625342,0.00846823583510317,FALSE,Occasional,No trend detected,Occasional and No trend detected,"0.11 95% CI [0.04, 0.19]","-0.00 95% CI [-0.01, 0.01]"
Self-Report about Behavior,General,subfields,General,hypothetical typical journal,0.08638716532302854,0.029948122602090555,0.15348497927171062,-0.0021469068261787743,-0.012821183781625342,0.00846823583510317,FALSE,Uncommon,No trend detected,Uncommon and No trend detected,"0.09 95% CI [0.03, 0.15]","-0.00 95% CI [-0.01, 0.01]"
Self-Report about Behavior,General journal 1,journals,General,General journal 1,0.08478068540159486,0.02868377441153849,0.1438002921374855,-0.0021469068261787743,-0.012821183781625342,0.00846823583510317,FALSE,Uncommon,No trend detected,Uncommon and No trend detected,"0.08 95% CI [0.03, 0.14]","-0.00 95% CI [-0.01, 0.01]"
Self-Report about Behavior,General journal 2,journals,General,General journal 2,0.09523135762458043,0.03653602090979441,0.1774697471819605,-0.0021469068261787743,-0.012821183781625342,0.00846823583510317,FALSE,Uncommon,No trend detected,Uncommon and No trend detected,"0.10 95% CI [0.04, 0.18]","-0.00 95% CI [-0.01, 0.01]"
Self-Report about Behavior,General journal 3,journals,General,General journal 3,0.08066068573668311,0.02402059710494706,0.13674281513201306,-0.0021469068261787743,-0.012821183781625342,0.00846823583510317,FALSE,Uncommon,No trend detected,Uncommon and No trend detected,"0.08 95% CI [0.02, 0.14]","-0.00 95% CI [-0.01, 0.01]"
Self-Report about Behavior,General journal 4,journals,General,General journal 4,0.08475197660487335,0.0297670317098806,0.14403722539609803,-0.0021469068261787743,-0.012821183781625342,0.00846823583510317,FALSE,Uncommon,No trend detected,Uncommon and No trend detected,"0.08 95% CI [0.03, 0.14]","-0.00 95% CI [-0.01, 0.01]"
Self-Report about Behavior,General journal 5,journals,General,General journal 5,0.08500976590643342,0.02816584125488637,0.14479790771206436,-0.0021469068261787743,-0.012821183781625342,0.00846823583510317,FALSE,Uncommon,No trend detected,Uncommon and No trend detected,"0.09 95% CI [0.03, 0.14]","-0.00 95% CI [-0.01, 0.01]"
Self-Report about Behavior,I/O,subfields,I/O,hypothetical typical journal,0.07368228383062872,0.015734905213564434,0.13528064559302064,-0.0021469068261787743,-0.012821183781625342,0.00846823583510317,FALSE,Uncommon,No trend detected,Uncommon and No trend detected,"0.07 95% CI [0.02, 0.14]","-0.00 95% CI [-0.01, 0.01]"
Self-Report about Behavior,I/O journal 1,journals,I/O,I/O journal 1,0.06864939193207242,0.013220292048840902,0.1240959863535527,-0.0021469068261787743,-0.012821183781625342,0.00846823583510317,FALSE,Uncommon,No trend detected,Uncommon and No trend detected,"0.07 95% CI [0.01, 0.12]","-0.00 95% CI [-0.01, 0.01]"
Self-Report about Behavior,I/O journal 2,journals,I/O,I/O journal 2,0.07296121536664596,0.01586362037751533,0.12778527625759595,-0.0021469068261787743,-0.012821183781625342,0.00846823583510317,FALSE,Uncommon,No trend detected,Uncommon and No trend detected,"0.07 95% CI [0.02, 0.13]","-0.00 95% CI [-0.01, 0.01]"
Self-Report about Behavior,I/O journal 3,journals,I/O,I/O journal 3,0.07380700994064848,0.017025661209876065,0.1276969250017465,-0.0021469068261787743,-0.012821183781625342,0.00846823583510317,FALSE,Uncommon,No trend detected,Uncommon and No trend detected,"0.07 95% CI [0.02, 0.13]","-0.00 95% CI [-0.01, 0.01]"
Self-Report about Behavior,I/O journal 4,journals,I/O,I/O journal 4,0.07490654516168843,0.01966034763978276,0.1327764509048111,-0.0021469068261787743,-0.012821183781625342,0.00846823583510317,FALSE,Uncommon,No trend detected,Uncommon and No trend detected,"0.07 95% CI [0.02, 0.13]","-0.00 95% CI [-0.01, 0.01]"
Self-Report about Behavior,I/O journal 5,journals,I/O,I/O journal 5,0.06839169223406799,0.015068566933105617,0.12230702113925525,-0.0021469068261787743,-0.012821183781625342,0.00846823583510317,FALSE,Uncommon,No trend detected,Uncommon and No trend detected,"0.07 95% CI [0.02, 0.12]","-0.00 95% CI [-0.01, 0.01]"
Self-Report about Behavior,Social/Personality,subfields,Social/Personality,hypothetical typical journal,0.10936341531865652,0.04522760050365358,0.20009004239079017,-0.0021469068261787743,-0.012821183781625342,0.00846823583510317,FALSE,Occasional,No trend detected,Occasional and No trend detected,"0.11 95% CI [0.05, 0.20]","-0.00 95% CI [-0.01, 0.01]"
Self-Report about Behavior,Social/Personality journal 1,journals,Social/Personality,Social/Personality journal 1,0.10507524300547495,0.047923289430566285,0.18427158071984118,-0.0021469068261787743,-0.012821183781625342,0.00846823583510317,FALSE,Occasional,No trend detected,Occasional and No trend detected,"0.11 95% CI [0.05, 0.18]","-0.00 95% CI [-0.01, 0.01]"
Self-Report about Behavior,Social/Personality journal 2,journals,Social/Personality,Social/Personality journal 2,0.10935730828966965,0.05134370814862676,0.19314998098382583,-0.0021469068261787743,-0.012821183781625342,0.00846823583510317,FALSE,Occasional,No trend detected,Occasional and No trend detected,"0.11 95% CI [0.05, 0.19]","-0.00 95% CI [-0.01, 0.01]"
Self-Report about Behavior,Social/Personality journal 3,journals,Social/Personality,Social/Personality journal 3,0.12216448927803594,0.06192883868066283,0.22408365424687796,-0.0021469068261787743,-0.012821183781625342,0.00846823583510317,FALSE,Occasional,No trend detected,Occasional and No trend detected,"0.12 95% CI [0.06, 0.22]","-0.00 95% CI [-0.01, 0.01]"
Self-Report about Behavior,Social/Personality journal 4,journals,Social/Personality,Social/Personality journal 4,0.11026160202481011,0.049547320347602376,0.19390364367866506,-0.0021469068261787743,-0.012821183781625342,0.00846823583510317,FALSE,Occasional,No trend detected,Occasional and No trend detected,"0.11 95% CI [0.05, 0.19]","-0.00 95% CI [-0.01, 0.01]"
Self-Report about Behavior,Social/Personality journal 5,journals,Social/Personality,Social/Personality journal 5,0.1103031220781688,0.050129566841091926,0.19051313562957622,-0.0021469068261787743,-0.012821183781625342,0.00846823583510317,FALSE,Occasional,No trend detected,Occasional and No trend detected,"0.11 95% CI [0.05, 0.19]","-0.00 95% CI [-0.01, 0.01]"
Behavioral Proxy,Psychology,field,hypothetical typical subfield,hypothetical typical journal,0.07645251038242026,0.04314660924087737,0.11579072042831437,0.0022674501522027533,-0.006915049626070586,0.012059838666877598,FALSE,Uncommon,No trend detected,Uncommon and No trend detected,"0.08 95% CI [0.04, 0.12]","0.00 95% CI [-0.01, 0.01]"
Behavioral Proxy,Clinical,subfields,Clinical,hypothetical typical journal,0.08146889347535494,0.009699228105722631,0.1910262320750804,0.0022674501522027533,-0.006915049626070586,0.012059838666877598,FALSE,Uncommon,No trend detected,Uncommon and No trend detected,"0.08 95% CI [0.01, 0.19]","0.00 95% CI [-0.01, 0.01]"
Behavioral Proxy,Clinical journal 1,journals,Clinical,Clinical journal 1,0.12524154059934361,0.048745314980766834,0.30571378052436116,0.0022674501522027533,-0.006915049626070586,0.012059838666877598,FALSE,Occasional,No trend detected,Occasional and No trend detected,"0.13 95% CI [0.05, 0.31]","0.00 95% CI [-0.01, 0.01]"
Behavioral Proxy,Clinical journal 2,journals,Clinical,Clinical journal 2,0.07659470827451971,0.012868474871678953,0.14439530612102947,0.0022674501522027533,-0.006915049626070586,0.012059838666877598,FALSE,Uncommon,No trend detected,Uncommon and No trend detected,"0.08 95% CI [0.01, 0.14]","0.00 95% CI [-0.01, 0.01]"
Behavioral Proxy,Clinical journal 3,journals,Clinical,Clinical journal 3,0.08578777756288344,0.017688016019895402,0.17067325733020156,0.0022674501522027533,-0.006915049626070586,0.012059838666877598,FALSE,Uncommon,No trend detected,Uncommon and No trend detected,"0.09 95% CI [0.02, 0.17]","0.00 95% CI [-0.01, 0.01]"
Behavioral Proxy,Clinical journal 4,journals,Clinical,Clinical journal 4,0.07619786709492543,0.015316478413266265,0.15208607966013132,0.0022674501522027533,-0.006915049626070586,0.012059838666877598,FALSE,Uncommon,No trend detected,Uncommon and No trend detected,"0.08 95% CI [0.02, 0.15]","0.00 95% CI [-0.01, 0.01]"
Behavioral Proxy,Clinical journal 5,journals,Clinical,Clinical journal 5,0.07472786935223968,0.012760969910193315,0.14585577099541172,0.0022674501522027533,-0.006915049626070586,0.012059838666877598,FALSE,Uncommon,No trend detected,Uncommon and No trend detected,"0.07 95% CI [0.01, 0.15]","0.00 95% CI [-0.01, 0.01]"
Behavioral Proxy,Cognitive,subfields,Cognitive,hypothetical typical journal,0.07624199666416315,0.007643511309738426,0.16955901206541055,0.0022674501522027533,-0.006915049626070586,0.012059838666877598,FALSE,Uncommon,No trend detected,Uncommon and No trend detected,"0.08 95% CI [0.01, 0.17]","0.00 95% CI [-0.01, 0.01]"
Behavioral Proxy,Cognitive journal 1,journals,Cognitive,Cognitive journal 1,0.07464763747394557,0.01758500467189153,0.15154562398044774,0.0022674501522027533,-0.006915049626070586,0.012059838666877598,FALSE,Uncommon,No trend detected,Uncommon and No trend detected,"0.07 95% CI [0.02, 0.15]","0.00 95% CI [-0.01, 0.01]"
Behavioral Proxy,Cognitive journal 2,journals,Cognitive,Cognitive journal 2,0.06344702149467088,0.00865158424811535,0.12534972310270134,0.0022674501522027533,-0.006915049626070586,0.012059838666877598,FALSE,Uncommon,No trend detected,Uncommon and No trend detected,"0.06 95% CI [0.01, 0.13]","0.00 95% CI [-0.01, 0.01]"
Behavioral Proxy,Cognitive journal 3,journals,Cognitive,Cognitive journal 3,0.08182024561687454,0.02359093523152673,0.1698234594824162,0.0022674501522027533,-0.006915049626070586,0.012059838666877598,FALSE,Uncommon,No trend detected,Uncommon and No trend detected,"0.08 95% CI [0.02, 0.17]","0.00 95% CI [-0.01, 0.01]"
Behavioral Proxy,Cognitive journal 4,journals,Cognitive,Cognitive journal 4,0.07394819568866093,0.015400504570454394,0.1480850503321551,0.0022674501522027533,-0.006915049626070586,0.012059838666877598,FALSE,Uncommon,No trend detected,Uncommon and No trend detected,"0.07 95% CI [0.02, 0.15]","0.00 95% CI [-0.01, 0.01]"
Behavioral Proxy,Cognitive journal 5,journals,Cognitive,Cognitive journal 5,0.08301874639450176,0.0190904252886654,0.17096885800041506,0.0022674501522027533,-0.006915049626070586,0.012059838666877598,FALSE,Uncommon,No trend detected,Uncommon and No trend detected,"0.08 95% CI [0.02, 0.17]","0.00 95% CI [-0.01, 0.01]"
Behavioral Proxy,Developmental,subfields,Developmental,hypothetical typical journal,0.0822660155501519,0.004411369207006541,0.19181922198176926,0.0022674501522027533,-0.006915049626070586,0.012059838666877598,FALSE,Uncommon,No trend detected,Uncommon and No trend detected,"0.08 95% CI [0.00, 0.19]","0.00 95% CI [-0.01, 0.01]"
Behavioral Proxy,Developmental journal 1,journals,Developmental,Developmental journal 1,0.07792242509445371,0.013164788385584625,0.15435773378261722,0.0022674501522027533,-0.006915049626070586,0.012059838666877598,FALSE,Uncommon,No trend detected,Uncommon and No trend detected,"0.08 95% CI [0.01, 0.15]","0.00 95% CI [-0.01, 0.01]"
Behavioral Proxy,Developmental journal 2,journals,Developmental,Developmental journal 2,0.09051103337304847,0.031284094849698456,0.18769662233741224,0.0022674501522027533,-0.006915049626070586,0.012059838666877598,FALSE,Uncommon,No trend detected,Uncommon and No trend detected,"0.09 95% CI [0.03, 0.19]","0.00 95% CI [-0.01, 0.01]"
Behavioral Proxy,Developmental journal 3,journals,Developmental,Developmental journal 3,0.06809060527722344,0.004950144260688067,0.13287305220937362,0.0022674501522027533,-0.006915049626070586,0.012059838666877598,FALSE,Uncommon,No trend detected,Uncommon and No trend detected,"0.07 95% CI [0.00, 0.13]","0.00 95% CI [-0.01, 0.01]"
Behavioral Proxy,Developmental journal 4,journals,Developmental,Developmental journal 4,0.10408808327787475,0.036299192277520265,0.22940899626596453,0.0022674501522027533,-0.006915049626070586,0.012059838666877598,FALSE,Occasional,No trend detected,Occasional and No trend detected,"0.10 95% CI [0.04, 0.23]","0.00 95% CI [-0.01, 0.01]"
Behavioral Proxy,Developmental journal 5,journals,Developmental,Developmental journal 5,0.10005353515318514,0.0305088487278979,0.21773683002834526,0.0022674501522027533,-0.006915049626070586,0.012059838666877598,FALSE,Occasional,No trend detected,Occasional and No trend detected,"0.10 95% CI [0.03, 0.22]","0.00 95% CI [-0.01, 0.01]"
Behavioral Proxy,General,subfields,General,hypothetical typical journal,0.07459350505449389,0.009723199870436624,0.1649393820424279,0.0022674501522027533,-0.006915049626070586,0.012059838666877598,FALSE,Uncommon,No trend detected,Uncommon and No trend detected,"0.07 95% CI [0.01, 0.16]","0.00 95% CI [-0.01, 0.01]"
Behavioral Proxy,General journal 1,journals,General,General journal 1,0.07937538674682806,0.019963612017850803,0.16452589943282853,0.0022674501522027533,-0.006915049626070586,0.012059838666877598,FALSE,Uncommon,No trend detected,Uncommon and No trend detected,"0.08 95% CI [0.02, 0.16]","0.00 95% CI [-0.01, 0.01]"
Behavioral Proxy,General journal 2,journals,General,General journal 2,0.08564490510017611,0.023143025724822495,0.17937446571300275,0.0022674501522027533,-0.006915049626070586,0.012059838666877598,FALSE,Uncommon,No trend detected,Uncommon and No trend detected,"0.09 95% CI [0.02, 0.18]","0.00 95% CI [-0.01, 0.01]"
Behavioral Proxy,General journal 3,journals,General,General journal 3,0.07028629002239285,0.013222340089708238,0.13794379133145163,0.0022674501522027533,-0.006915049626070586,0.012059838666877598,FALSE,Uncommon,No trend detected,Uncommon and No trend detected,"0.07 95% CI [0.01, 0.14]","0.00 95% CI [-0.01, 0.01]"
Behavioral Proxy,General journal 4,journals,General,General journal 4,0.06393685980321209,0.008293721539987817,0.12353692796397663,0.0022674501522027533,-0.006915049626070586,0.012059838666877598,FALSE,Uncommon,No trend detected,Uncommon and No trend detected,"0.06 95% CI [0.01, 0.12]","0.00 95% CI [-0.01, 0.01]"
Behavioral Proxy,General journal 5,journals,General,General journal 5,0.07415780662388086,0.017468020347401234,0.14525110059382987,0.0022674501522027533,-0.006915049626070586,0.012059838666877598,FALSE,Uncommon,No trend detected,Uncommon and No trend detected,"0.07 95% CI [0.02, 0.15]","0.00 95% CI [-0.01, 0.01]"
Behavioral Proxy,I/O,subfields,I/O,hypothetical typical journal,0.06936848880245697,0.004832339646713189,0.15326522347675003,0.0022674501522027533,-0.006915049626070586,0.012059838666877598,FALSE,Uncommon,No trend detected,Uncommon and No trend detected,"0.07 95% CI [0.00, 0.15]","0.00 95% CI [-0.01, 0.01]"
Behavioral Proxy,I/O journal 1,journals,I/O,I/O journal 1,0.05725358569406437,0.007038919284443791,0.11363887682670126,0.0022674501522027533,-0.006915049626070586,0.012059838666877598,FALSE,Uncommon,No trend detected,Uncommon and No trend detected,"0.06 95% CI [0.01, 0.11]","0.00 95% CI [-0.01, 0.01]"
Behavioral Proxy,I/O journal 2,journals,I/O,I/O journal 2,0.057995501912436,0.006626291156314032,0.1112777248981541,0.0022674501522027533,-0.006915049626070586,0.012059838666877598,FALSE,Uncommon,No trend detected,Uncommon and No trend detected,"0.06 95% CI [0.01, 0.11]","0.00 95% CI [-0.01, 0.01]"
Behavioral Proxy,I/O journal 3,journals,I/O,I/O journal 3,0.07878451894372557,0.02148144986245522,0.16493161996675101,0.0022674501522027533,-0.006915049626070586,0.012059838666877598,FALSE,Uncommon,No trend detected,Uncommon and No trend detected,"0.08 95% CI [0.02, 0.16]","0.00 95% CI [-0.01, 0.01]"
Behavioral Proxy,I/O journal 4,journals,I/O,I/O journal 4,0.08042032778304387,0.022731987845762143,0.1765944392737762,0.0022674501522027533,-0.006915049626070586,0.012059838666877598,FALSE,Uncommon,No trend detected,Uncommon and No trend detected,"0.08 95% CI [0.02, 0.18]","0.00 95% CI [-0.01, 0.01]"
Behavioral Proxy,I/O journal 5,journals,I/O,I/O journal 5,0.05717412909006611,0.006156410284211501,0.11629016543221805,0.0022674501522027533,-0.006915049626070586,0.012059838666877598,FALSE,Uncommon,No trend detected,Uncommon and No trend detected,"0.06 95% CI [0.01, 0.12]","0.00 95% CI [-0.01, 0.01]"
Behavioral Proxy,Social/Personality,subfields,Social/Personality,hypothetical typical journal,0.07276994066721151,0.006074800944401919,0.15303871542934216,0.0022674501522027533,-0.006915049626070586,0.012059838666877598,FALSE,Uncommon,No trend detected,Uncommon and No trend detected,"0.07 95% CI [0.01, 0.15]","0.00 95% CI [-0.01, 0.01]"
Behavioral Proxy,Social/Personality journal 1,journals,Social/Personality,Social/Personality journal 1,0.06823693845118443,0.007453619625739563,0.1323744876300173,0.0022674501522027533,-0.006915049626070586,0.012059838666877598,FALSE,Uncommon,No trend detected,Uncommon and No trend detected,"0.07 95% CI [0.01, 0.13]","0.00 95% CI [-0.01, 0.01]"
Behavioral Proxy,Social/Personality journal 2,journals,Social/Personality,Social/Personality journal 2,0.059934607581652706,0.004660910340081451,0.11368404763406435,0.0022674501522027533,-0.006915049626070586,0.012059838666877598,FALSE,Uncommon,No trend detected,Uncommon and No trend detected,"0.06 95% CI [0.00, 0.11]","0.00 95% CI [-0.01, 0.01]"
Behavioral Proxy,Social/Personality journal 3,journals,Social/Personality,Social/Personality journal 3,0.1070426860872248,0.0333914472578745,0.25697788741752015,0.0022674501522027533,-0.006915049626070586,0.012059838666877598,FALSE,Occasional,No trend detected,Occasional and No trend detected,"0.11 95% CI [0.03, 0.26]","0.00 95% CI [-0.01, 0.01]"
Behavioral Proxy,Social/Personality journal 4,journals,Social/Personality,Social/Personality journal 4,0.06411450622316997,0.007702749064480176,0.1226500919338419,0.0022674501522027533,-0.006915049626070586,0.012059838666877598,FALSE,Uncommon,No trend detected,Uncommon and No trend detected,"0.06 95% CI [0.01, 0.12]","0.00 95% CI [-0.01, 0.01]"
Behavioral Proxy,Social/Personality journal 5,journals,Social/Personality,Social/Personality journal 5,0.0611180079542879,0.007804273772479766,0.11920329256477279,0.0022674501522027533,-0.006915049626070586,0.012059838666877598,FALSE,Uncommon,No trend detected,Uncommon and No trend detected,"0.06 95% CI [0.01, 0.12]","0.00 95% CI [-0.01, 0.01]"
Direct Behavioral Measure,Psychology,field,hypothetical typical subfield,hypothetical typical journal,0.026717152932558854,0.00942236159270486,0.048131745573608886,-8.72234746883897e-4,-0.0061300848388027695,0.004515673971639888,FALSE,Rare,No trend detected,Rare and No trend detected,"0.03 95% CI [0.01, 0.05]","-0.00 95% CI [-0.01, 0.00]"
Direct Behavioral Measure,Clinical,subfields,Clinical,hypothetical typical journal,0.025247199289820124,0.0040670563840106335,0.059119481139575346,-8.72234746883897e-4,-0.0061300848388027695,0.004515673971639888,FALSE,Rare,No trend detected,Rare and No trend detected,"0.03 95% CI [0.00, 0.06]","-0.00 95% CI [-0.01, 0.00]"
Direct Behavioral Measure,Clinical journal 1,journals,Clinical,Clinical journal 1,0.026463305551109505,0.004226686308702306,0.05919111479592036,-8.72234746883897e-4,-0.0061300848388027695,0.004515673971639888,FALSE,Rare,No trend detected,Rare and No trend detected,"0.03 95% CI [0.00, 0.06]","-0.00 95% CI [-0.01, 0.00]"
Direct Behavioral Measure,Clinical journal 2,journals,Clinical,Clinical journal 2,0.0244883729225188,0.0019483431749180633,0.0530626442603933,-8.72234746883897e-4,-0.0061300848388027695,0.004515673971639888,FALSE,Rare,No trend detected,Rare and No trend detected,"0.02 95% CI [0.00, 0.05]","-0.00 95% CI [-0.01, 0.00]"
Direct Behavioral Measure,Clinical journal 3,journals,Clinical,Clinical journal 3,0.02730879553565746,0.003909447116807944,0.0649802246988747,-8.72234746883897e-4,-0.0061300848388027695,0.004515673971639888,FALSE,Rare,No trend detected,Rare and No trend detected,"0.03 95% CI [0.00, 0.06]","-0.00 95% CI [-0.01, 0.00]"
Direct Behavioral Measure,Clinical journal 4,journals,Clinical,Clinical journal 4,0.024519972633975998,0.0025255914518194887,0.05368282517841597,-8.72234746883897e-4,-0.0061300848388027695,0.004515673971639888,FALSE,Rare,No trend detected,Rare and No trend detected,"0.02 95% CI [0.00, 0.05]","-0.00 95% CI [-0.01, 0.00]"
Direct Behavioral Measure,Clinical journal 5,journals,Clinical,Clinical journal 5,0.024629810650286077,0.0030667019142316945,0.05470326993406563,-8.72234746883897e-4,-0.0061300848388027695,0.004515673971639888,FALSE,Rare,No trend detected,Rare and No trend detected,"0.02 95% CI [0.00, 0.05]","-0.00 95% CI [-0.01, 0.00]"
Direct Behavioral Measure,Cognitive,subfields,Cognitive,hypothetical typical journal,0.027674093099499565,0.0028915133605250496,0.06155422621434307,-8.72234746883897e-4,-0.0061300848388027695,0.004515673971639888,FALSE,Rare,No trend detected,Rare and No trend detected,"0.03 95% CI [0.00, 0.06]","-0.00 95% CI [-0.01, 0.00]"
Direct Behavioral Measure,Cognitive journal 1,journals,Cognitive,Cognitive journal 1,0.028532142104448988,0.005529777997068689,0.06409537695369003,-8.72234746883897e-4,-0.0061300848388027695,0.004515673971639888,FALSE,Rare,No trend detected,Rare and No trend detected,"0.03 95% CI [0.01, 0.06]","-0.00 95% CI [-0.01, 0.00]"
Direct Behavioral Measure,Cognitive journal 2,journals,Cognitive,Cognitive journal 2,0.029775406726411675,0.005154447288477706,0.06919962398300467,-8.72234746883897e-4,-0.0061300848388027695,0.004515673971639888,FALSE,Rare,No trend detected,Rare and No trend detected,"0.03 95% CI [0.01, 0.07]","-0.00 95% CI [-0.01, 0.00]"
Direct Behavioral Measure,Cognitive journal 3,journals,Cognitive,Cognitive journal 3,0.028662464394938334,0.004185838464413448,0.06474130685247839,-8.72234746883897e-4,-0.0061300848388027695,0.004515673971639888,FALSE,Rare,No trend detected,Rare and No trend detected,"0.03 95% CI [0.00, 0.06]","-0.00 95% CI [-0.01, 0.00]"
Direct Behavioral Measure,Cognitive journal 4,journals,Cognitive,Cognitive journal 4,0.02671566096699674,0.003912692319981318,0.05765486994372423,-8.72234746883897e-4,-0.0061300848388027695,0.004515673971639888,FALSE,Rare,No trend detected,Rare and No trend detected,"0.03 95% CI [0.00, 0.06]","-0.00 95% CI [-0.01, 0.00]"
Direct Behavioral Measure,Cognitive journal 5,journals,Cognitive,Cognitive journal 5,0.027041477779246408,0.003729825346971394,0.05690556384368544,-8.72234746883897e-4,-0.0061300848388027695,0.004515673971639888,FALSE,Rare,No trend detected,Rare and No trend detected,"0.03 95% CI [0.00, 0.06]","-0.00 95% CI [-0.01, 0.00]"
Direct Behavioral Measure,Developmental,subfields,Developmental,hypothetical typical journal,0.028226720542283666,0.004491912030369828,0.061870557989045505,-8.72234746883897e-4,-0.0061300848388027695,0.004515673971639888,FALSE,Rare,No trend detected,Rare and No trend detected,"0.03 95% CI [0.00, 0.06]","-0.00 95% CI [-0.01, 0.00]"
Direct Behavioral Measure,Developmental journal 1,journals,Developmental,Developmental journal 1,0.02799914963059335,0.005424455567616104,0.06265434930318926,-8.72234746883897e-4,-0.0061300848388027695,0.004515673971639888,FALSE,Rare,No trend detected,Rare and No trend detected,"0.03 95% CI [0.01, 0.06]","-0.00 95% CI [-0.01, 0.00]"
Direct Behavioral Measure,Developmental journal 2,journals,Developmental,Developmental journal 2,0.028020341615009253,0.005463903375277726,0.0632180079135118,-8.72234746883897e-4,-0.0061300848388027695,0.004515673971639888,FALSE,Rare,No trend detected,Rare and No trend detected,"0.03 95% CI [0.01, 0.06]","-0.00 95% CI [-0.01, 0.00]"
Direct Behavioral Measure,Developmental journal 3,journals,Developmental,Developmental journal 3,0.028746781561974043,0.0064565498448246345,0.06379055782325445,-8.72234746883897e-4,-0.0061300848388027695,0.004515673971639888,FALSE,Rare,No trend detected,Rare and No trend detected,"0.03 95% CI [0.01, 0.06]","-0.00 95% CI [-0.01, 0.00]"
Direct Behavioral Measure,Developmental journal 4,journals,Developmental,Developmental journal 4,0.02652967594762517,0.003970140636890662,0.05768750648113788,-8.72234746883897e-4,-0.0061300848388027695,0.004515673971639888,FALSE,Rare,No trend detected,Rare and No trend detected,"0.03 95% CI [0.00, 0.06]","-0.00 95% CI [-0.01, 0.00]"
Direct Behavioral Measure,Developmental journal 5,journals,Developmental,Developmental journal 5,0.02875904611305359,0.0062671863485706915,0.06391635237966856,-8.72234746883897e-4,-0.0061300848388027695,0.004515673971639888,FALSE,Rare,No trend detected,Rare and No trend detected,"0.03 95% CI [0.01, 0.06]","-0.00 95% CI [-0.01, 0.00]"
Direct Behavioral Measure,General,subfields,General,hypothetical typical journal,0.026214669229517942,0.003192471328320103,0.05778416357319759,-8.72234746883897e-4,-0.0061300848388027695,0.004515673971639888,FALSE,Rare,No trend detected,Rare and No trend detected,"0.03 95% CI [0.00, 0.06]","-0.00 95% CI [-0.01, 0.00]"
Direct Behavioral Measure,General journal 1,journals,General,General journal 1,0.0271412142974257,0.005415987412805288,0.06070107977587282,-8.72234746883897e-4,-0.0061300848388027695,0.004515673971639888,FALSE,Rare,No trend detected,Rare and No trend detected,"0.03 95% CI [0.01, 0.06]","-0.00 95% CI [-0.01, 0.00]"
Direct Behavioral Measure,General journal 2,journals,General,General journal 2,0.02500241730519686,0.004393875572790669,0.05544862750135265,-8.72234746883897e-4,-0.0061300848388027695,0.004515673971639888,FALSE,Rare,No trend detected,Rare and No trend detected,"0.03 95% CI [0.00, 0.06]","-0.00 95% CI [-0.01, 0.00]"
Direct Behavioral Measure,General journal 3,journals,General,General journal 3,0.02691721150341278,0.004767380822472996,0.0603811117374743,-8.72234746883897e-4,-0.0061300848388027695,0.004515673971639888,FALSE,Rare,No trend detected,Rare and No trend detected,"0.03 95% CI [0.00, 0.06]","-0.00 95% CI [-0.01, 0.00]"
Direct Behavioral Measure,General journal 4,journals,General,General journal 4,0.024848907829124363,0.004339607022706236,0.05375920740584037,-8.72234746883897e-4,-0.0061300848388027695,0.004515673971639888,FALSE,Rare,No trend detected,Rare and No trend detected,"0.02 95% CI [0.00, 0.05]","-0.00 95% CI [-0.01, 0.00]"
Direct Behavioral Measure,General journal 5,journals,General,General journal 5,0.027116668504284715,0.005336009830682275,0.059848035762852705,-8.72234746883897e-4,-0.0061300848388027695,0.004515673971639888,FALSE,Rare,No trend detected,Rare and No trend detected,"0.03 95% CI [0.01, 0.06]","-0.00 95% CI [-0.01, 0.00]"
Direct Behavioral Measure,I/O,subfields,I/O,hypothetical typical journal,0.024653040257011014,0.0034727285605426236,0.055018073472160624,-8.72234746883897e-4,-0.0061300848388027695,0.004515673971639888,FALSE,Rare,No trend detected,Rare and No trend detected,"0.02 95% CI [0.00, 0.06]","-0.00 95% CI [-0.01, 0.00]"
Direct Behavioral Measure,I/O journal 1,journals,I/O,I/O journal 1,0.02335412453060221,0.0023412372100784585,0.05046637524642415,-8.72234746883897e-4,-0.0061300848388027695,0.004515673971639888,FALSE,Rare,No trend detected,Rare and No trend detected,"0.02 95% CI [0.00, 0.05]","-0.00 95% CI [-0.01, 0.00]"
Direct Behavioral Measure,I/O journal 2,journals,I/O,I/O journal 2,0.023930532417055513,0.0038492408466331263,0.051272883545091935,-8.72234746883897e-4,-0.0061300848388027695,0.004515673971639888,FALSE,Rare,No trend detected,Rare and No trend detected,"0.02 95% CI [0.00, 0.05]","-0.00 95% CI [-0.01, 0.00]"
Direct Behavioral Measure,I/O journal 3,journals,I/O,I/O journal 3,0.02388320671283682,0.0033305379877095294,0.050643429392599124,-8.72234746883897e-4,-0.0061300848388027695,0.004515673971639888,FALSE,Rare,No trend detected,Rare and No trend detected,"0.02 95% CI [0.00, 0.05]","-0.00 95% CI [-0.01, 0.00]"
Direct Behavioral Measure,I/O journal 4,journals,I/O,I/O journal 4,0.025822805873703482,0.0037264022575063524,0.057774475301718586,-8.72234746883897e-4,-0.0061300848388027695,0.004515673971639888,FALSE,Rare,No trend detected,Rare and No trend detected,"0.03 95% CI [0.00, 0.06]","-0.00 95% CI [-0.01, 0.00]"
Direct Behavioral Measure,I/O journal 5,journals,I/O,I/O journal 5,0.025532345673545127,0.004581871641342737,0.05878987378831731,-8.72234746883897e-4,-0.0061300848388027695,0.004515673971639888,FALSE,Rare,No trend detected,Rare and No trend detected,"0.03 95% CI [0.00, 0.06]","-0.00 95% CI [-0.01, 0.00]"
Direct Behavioral Measure,Social/Personality,subfields,Social/Personality,hypothetical typical journal,0.02460015549748786,0.0027388224520245624,0.0545198689615707,-8.72234746883897e-4,-0.0061300848388027695,0.004515673971639888,FALSE,Rare,No trend detected,Rare and No trend detected,"0.02 95% CI [0.00, 0.05]","-0.00 95% CI [-0.01, 0.00]"
Direct Behavioral Measure,Social/Personality journal 1,journals,Social/Personality,Social/Personality journal 1,0.025135695891661945,0.004359285846460785,0.057107817779757444,-8.72234746883897e-4,-0.0061300848388027695,0.004515673971639888,FALSE,Rare,No trend detected,Rare and No trend detected,"0.03 95% CI [0.00, 0.06]","-0.00 95% CI [-0.01, 0.00]"
Direct Behavioral Measure,Social/Personality journal 2,journals,Social/Personality,Social/Personality journal 2,0.023614246758703855,0.0031278000490996645,0.050017599870531254,-8.72234746883897e-4,-0.0061300848388027695,0.004515673971639888,FALSE,Rare,No trend detected,Rare and No trend detected,"0.02 95% CI [0.00, 0.05]","-0.00 95% CI [-0.01, 0.00]"
Direct Behavioral Measure,Social/Personality journal 3,journals,Social/Personality,Social/Personality journal 3,0.023668918196064127,0.00236495395164428,0.05025536927659297,-8.72234746883897e-4,-0.0061300848388027695,0.004515673971639888,FALSE,Rare,No trend detected,Rare and No trend detected,"0.02 95% CI [0.00, 0.05]","-0.00 95% CI [-0.01, 0.00]"
Direct Behavioral Measure,Social/Personality journal 4,journals,Social/Personality,Social/Personality journal 4,0.023438067760698497,0.003462780890195219,0.05137888986652977,-8.72234746883897e-4,-0.0061300848388027695,0.004515673971639888,FALSE,Rare,No trend detected,Rare and No trend detected,"0.02 95% CI [0.00, 0.05]","-0.00 95% CI [-0.01, 0.00]"
Direct Behavioral Measure,Social/Personality journal 5,journals,Social/Personality,Social/Personality journal 5,0.02505985946774414,0.003927023909547158,0.053843478216962566,-8.72234746883897e-4,-0.0061300848388027695,0.004515673971639888,FALSE,Rare,No trend detected,Rare and No trend detected,"0.03 95% CI [0.00, 0.05]","-0.00 95% CI [-0.01, 0.00]"
